,MAE,RMSE,MAPE,R2
Random Forest,13207.547953813651,24101.286107596665,1.7807781992326472,0.9961622576805906
XGBoost,13147.24003253691,22407.847357886883,1.7689456717796763,0.996682616735042
LightGBM,13236.23012188503,23601.22644171155,1.7983041497761743,0.9963198584943007
